file,line,type,commit,author,date,time,timezone,datetime,depth,length
style.css,1,css,62f4c450,SummerGarvais,2026-04-10,10:07:47,-07:00,2026-04-10T10:07:47-07:00,0,0
style.css,2,css,62f4c450,SummerGarvais,2026-04-10,10:07:47,-07:00,2026-04-10T10:07:47-07:00,0,4
style.css,3,css,57550d9e,SummerGarvais,2026-04-21,16:51:21,-07:00,2026-04-21T16:51:21-07:00,2,23
style.css,4,css,62f4c450,SummerGarvais,2026-04-10,10:07:47,-07:00,2026-04-10T10:07:47-07:00,2,45
style.css,5,css,62f4c450,SummerGarvais,2026-04-10,10:07:47,-07:00,2026-04-10T10:07:47-07:00,2,32
style.css,6,css,62f4c450,SummerGarvais,2026-04-10,10:07:47,-07:00,2026-04-10T10:07:47-07:00,0,0
style.css,7,css,4ec20df1,SummerGarvais,2026-04-03,15:47:03,-07:00,2026-04-03T15:47:03-07:00,0,4
style.css,8,css,4ec20df1,SummerGarvais,2026-04-03,15:47:03,-07:00,2026-04-03T15:47:03-07:00,0,43
style.css,9,css,4ec20df1,SummerGarvais,2026-04-03,15:47:03,-07:00,2026-04-03T15:47:03-07:00,0,42
style.css,10,css,4ec20df1,SummerGarvais,2026-04-03,15:47:03,-07:00,2026-04-03T15:47:03-07:00,0,0
style.css,11,css,4ec20df1,SummerGarvais,2026-04-03,15:47:03,-07:00,2026-04-03T15:47:03-07:00,1,23
style.css,12,css,10995355,SummerGarvais,2026-04-10,09:09:40,-07:00,2026-04-10T09:09:40-07:00,0,0
style.css,13,css,10995355,SummerGarvais,2026-04-10,09:09:40,-07:00,2026-04-10T09:09:40-07:00,0,4
style.css,14,css,10995355,SummerGarvais,2026-04-10,09:09:40,-07:00,2026-04-10T09:09:40-07:00,0,15
style.css,15,css,10995355,SummerGarvais,2026-04-10,09:09:40,-07:00,2026-04-10T09:09:40-07:00,2,13
style.css,16,css,10995355,SummerGarvais,2026-04-10,09:09:40,-07:00,2026-04-10T09:09:40-07:00,2,12
style.css,17,css,10995355,SummerGarvais,2026-04-10,09:09:40,-07:00,2026-04-10T09:09:40-07:00,0,0
style.css,18,css,10995355,SummerGarvais,2026-04-10,09:09:40,-07:00,2026-04-10T09:09:40-07:00,0,3
style.css,19,css,10995355,SummerGarvais,2026-04-10,09:09:40,-07:00,2026-04-10T09:09:40-07:00,0,14
style.css,20,css,62f4c450,SummerGarvais,2026-04-10,10:07:47,-07:00,2026-04-10T10:07:47-07:00,0,0
style.css,21,css,62f4c450,SummerGarvais,2026-04-10,10:07:47,-07:00,2026-04-10T10:07:47-07:00,0,3
style.css,22,css,62f4c450,SummerGarvais,2026-04-10,10:07:47,-07:00,2026-04-10T10:07:47-07:00,2,12
style.css,23,css,62f4c450,SummerGarvais,2026-04-10,10:07:47,-07:00,2026-04-10T10:07:47-07:00,2,8
style.css,24,css,62f4c450,SummerGarvais,2026-04-10,10:07:47,-07:00,2026-04-10T10:07:47-07:00,0,17
style.css,25,css,62f4c450,SummerGarvais,2026-04-10,10:07:47,-07:00,2026-04-10T10:07:47-07:00,0,20
style.css,26,css,62f4c450,SummerGarvais,2026-04-10,10:07:47,-07:00,2026-04-10T10:07:47-07:00,0,23
style.css,27,css,62f4c450,SummerGarvais,2026-04-10,10:07:47,-07:00,2026-04-10T10:07:47-07:00,0,25
style.css,28,css,57550d9e,SummerGarvais,2026-04-21,16:51:21,-07:00,2026-04-21T16:51:21-07:00,0,37
style.css,29,css,62f4c450,SummerGarvais,2026-04-10,10:07:47,-07:00,2026-04-10T10:07:47-07:00,0,0
style.css,30,css,2c7083d7,SummerGarvais,2026-04-10,11:30:57,-07:00,2026-04-10T11:30:57-07:00,0,5
style.css,31,css,2c7083d7,SummerGarvais,2026-04-10,11:30:57,-07:00,2026-04-10T11:30:57-07:00,2,6
style.css,32,css,2c7083d7,SummerGarvais,2026-04-10,11:30:57,-07:00,2026-04-10T11:30:57-07:00,2,13
style.css,33,css,2c7083d7,SummerGarvais,2026-04-10,11:30:57,-07:00,2026-04-10T11:30:57-07:00,2,20
style.css,34,css,2c7083d7,SummerGarvais,2026-04-10,11:30:57,-07:00,2026-04-10T11:30:57-07:00,2,13
style.css,35,css,2c7083d7,SummerGarvais,2026-04-10,11:30:57,-07:00,2026-04-10T11:30:57-07:00,0,0
style.css,36,css,62f4c450,SummerGarvais,2026-04-10,10:07:47,-07:00,2026-04-10T10:07:47-07:00,0,0
style.css,37,css,62f4c450,SummerGarvais,2026-04-10,10:07:47,-07:00,2026-04-10T10:07:47-07:00,0,13
style.css,38,css,62f4c450,SummerGarvais,2026-04-10,10:07:47,-07:00,2026-04-10T10:07:47-07:00,0,20
style.css,39,css,62f4c450,SummerGarvais,2026-04-10,10:07:47,-07:00,2026-04-10T10:07:47-07:00,0,0
style.css,40,css,62f4c450,SummerGarvais,2026-04-10,10:07:47,-07:00,2026-04-10T10:07:47-07:00,0,1
style.css,41,css,62f4c450,SummerGarvais,2026-04-10,10:07:47,-07:00,2026-04-10T10:07:47-07:00,0,14
style.css,42,css,62f4c450,SummerGarvais,2026-04-10,10:07:47,-07:00,2026-04-10T10:07:47-07:00,0,0
style.css,43,css,62f4c450,SummerGarvais,2026-04-10,10:07:47,-07:00,2026-04-10T10:07:47-07:00,0,9
style.css,44,css,62f4c450,SummerGarvais,2026-04-10,10:07:47,-07:00,2026-04-10T10:07:47-07:00,0,16
style.css,45,css,62f4c450,SummerGarvais,2026-04-10,10:07:47,-07:00,2026-04-10T10:07:47-07:00,0,26
style.css,46,css,62f4c450,SummerGarvais,2026-04-10,10:07:47,-07:00,2026-04-10T10:07:47-07:00,0,25
style.css,47,css,62f4c450,SummerGarvais,2026-04-10,10:07:47,-07:00,2026-04-10T10:07:47-07:00,0,37
style.css,48,css,62f4c450,SummerGarvais,2026-04-10,10:07:47,-07:00,2026-04-10T10:07:47-07:00,0,0
style.css,49,css,62f4c450,SummerGarvais,2026-04-10,10:07:47,-07:00,2026-04-10T10:07:47-07:00,0,7
style.css,50,css,62f4c450,SummerGarvais,2026-04-10,10:07:47,-07:00,2026-04-10T10:07:47-07:00,2,26
style.css,51,css,62f4c450,SummerGarvais,2026-04-10,10:07:47,-07:00,2026-04-10T10:07:47-07:00,2,25
style.css,52,css,62f4c450,SummerGarvais,2026-04-10,10:07:47,-07:00,2026-04-10T10:07:47-07:00,2,39
style.css,53,css,57550d9e,SummerGarvais,2026-04-21,16:51:21,-07:00,2026-04-21T16:51:21-07:00,2,69
style.css,54,css,ab9c9e1c,SummerGarvais,2026-04-10,11:19:22,-07:00,2026-04-10T11:19:22-07:00,0,0
style.css,55,css,ab9c9e1c,SummerGarvais,2026-04-10,11:19:22,-07:00,2026-04-10T11:19:22-07:00,0,4
style.css,56,css,2c7083d7,SummerGarvais,2026-04-10,11:30:57,-07:00,2026-04-10T11:30:57-07:00,2,12
style.css,57,css,2c7083d7,SummerGarvais,2026-04-10,11:30:57,-07:00,2026-04-10T11:30:57-07:00,2,12
style.css,58,css,2c7083d7,SummerGarvais,2026-04-10,11:30:57,-07:00,2026-04-10T11:30:57-07:00,2,30
style.css,59,css,2c7083d7,SummerGarvais,2026-04-10,11:30:57,-07:00,2026-04-10T11:30:57-07:00,2,7
style.css,60,css,fb898658,SummerGarvais,2026-04-10,11:22:51,-07:00,2026-04-10T11:22:51-07:00,0,0
style.css,61,css,fb898658,SummerGarvais,2026-04-10,11:22:51,-07:00,2026-04-10T11:22:51-07:00,0,5
style.css,62,css,2c7083d7,SummerGarvais,2026-04-10,11:30:57,-07:00,2026-04-10T11:30:57-07:00,2,12
style.css,63,css,2c7083d7,SummerGarvais,2026-04-10,11:30:57,-07:00,2026-04-10T11:30:57-07:00,2,29
style.css,64,css,2c7083d7,SummerGarvais,2026-04-10,11:30:57,-07:00,2026-04-10T11:30:57-07:00,2,18
style.css,65,css,2c7083d7,SummerGarvais,2026-04-10,11:30:57,-07:00,2026-04-10T11:30:57-07:00,0,0
style.css,66,css,2c7083d7,SummerGarvais,2026-04-10,11:30:57,-07:00,2026-04-10T11:30:57-07:00,0,2
style.css,67,css,2c7083d7,SummerGarvais,2026-04-10,11:30:57,-07:00,2026-04-10T11:30:57-07:00,2,14
style.css,68,css,2c7083d7,SummerGarvais,2026-04-10,11:30:57,-07:00,2026-04-10T11:30:57-07:00,2,15
style.css,69,css,2c7083d7,SummerGarvais,2026-04-10,11:30:57,-07:00,2026-04-10T11:30:57-07:00,2,17
style.css,70,css,2c7083d7,SummerGarvais,2026-04-10,11:30:57,-07:00,2026-04-10T11:30:57-07:00,0,0
style.css,71,css,2c7083d7,SummerGarvais,2026-04-10,11:30:57,-07:00,2026-04-10T11:30:57-07:00,0,22
style.css,72,css,2c7083d7,SummerGarvais,2026-04-10,11:30:57,-07:00,2026-04-10T11:30:57-07:00,2,15
style.css,73,css,2c7083d7,SummerGarvais,2026-04-10,11:30:57,-07:00,2026-04-10T11:30:57-07:00,2,17
style.css,74,css,2c7083d7,SummerGarvais,2026-04-10,11:30:57,-07:00,2026-04-10T11:30:57-07:00,0,0
style.css,75,css,2c7083d7,SummerGarvais,2026-04-10,11:30:57,-07:00,2026-04-10T11:30:57-07:00,0,6
style.css,76,css,2c7083d7,SummerGarvais,2026-04-10,11:30:57,-07:00,2026-04-10T11:30:57-07:00,2,18
style.css,77,css,2c7083d7,SummerGarvais,2026-04-10,11:30:57,-07:00,2026-04-10T11:30:57-07:00,2,12
style.css,78,css,2c7083d7,SummerGarvais,2026-04-10,11:30:57,-07:00,2026-04-10T11:30:57-07:00,0,0
style.css,79,css,2c7083d7,SummerGarvais,2026-04-10,11:30:57,-07:00,2026-04-10T11:30:57-07:00,0,15
style.css,80,css,2c7083d7,SummerGarvais,2026-04-10,11:30:57,-07:00,2026-04-10T11:30:57-07:00,2,12
style.css,81,css,2c7083d7,SummerGarvais,2026-04-10,11:30:57,-07:00,2026-04-10T11:30:57-07:00,2,10
style.css,82,css,2c7083d7,SummerGarvais,2026-04-10,11:30:57,-07:00,2026-04-10T11:30:57-07:00,2,21
style.css,83,css,3bf22d9c,SummerGarvais,2026-04-10,11:43:04,-07:00,2026-04-10T11:43:04-07:00,0,0
style.css,84,css,3bf22d9c,SummerGarvais,2026-04-10,11:43:04,-07:00,2026-04-10T11:43:04-07:00,0,0
style.css,85,css,3bf22d9c,SummerGarvais,2026-04-10,11:43:04,-07:00,2026-04-10T11:43:04-07:00,0,9
style.css,86,css,3bf22d9c,SummerGarvais,2026-04-10,11:43:04,-07:00,2026-04-10T11:43:04-07:00,2,12
style.css,87,css,3bf22d9c,SummerGarvais,2026-04-10,11:43:04,-07:00,2026-04-10T11:43:04-07:00,2,58
style.css,88,css,3bf22d9c,SummerGarvais,2026-04-10,11:43:04,-07:00,2026-04-10T11:43:04-07:00,2,7
style.css,89,css,3bf22d9c,SummerGarvais,2026-04-10,11:43:04,-07:00,2026-04-10T11:43:04-07:00,2,14
style.css,90,css,3bf22d9c,SummerGarvais,2026-04-10,11:43:04,-07:00,2026-04-10T11:43:04-07:00,0,0
style.css,91,css,3bf22d9c,SummerGarvais,2026-04-10,11:43:04,-07:00,2026-04-10T11:43:04-07:00,0,0
style.css,92,css,3bf22d9c,SummerGarvais,2026-04-10,11:43:04,-07:00,2026-04-10T11:43:04-07:00,0,17
style.css,93,css,3bf22d9c,SummerGarvais,2026-04-10,11:43:04,-07:00,2026-04-10T11:43:04-07:00,2,12
style.css,94,css,3bf22d9c,SummerGarvais,2026-04-10,11:43:04,-07:00,2026-04-10T11:43:04-07:00,2,15
style.css,95,css,3bf22d9c,SummerGarvais,2026-04-10,11:43:04,-07:00,2026-04-10T11:43:04-07:00,2,26
style.css,96,css,3bf22d9c,SummerGarvais,2026-04-10,11:43:04,-07:00,2026-04-10T11:43:04-07:00,0,0
style.css,97,css,3bf22d9c,SummerGarvais,2026-04-10,11:43:04,-07:00,2026-04-10T11:43:04-07:00,0,0
style.css,98,css,3bf22d9c,SummerGarvais,2026-04-10,11:43:04,-07:00,2026-04-10T11:43:04-07:00,0,12
style.css,99,css,3bf22d9c,SummerGarvais,2026-04-10,11:43:04,-07:00,2026-04-10T11:43:04-07:00,2,8
style.css,100,css,3bf22d9c,SummerGarvais,2026-04-10,11:43:04,-07:00,2026-04-10T11:43:04-07:00,2,14
style.css,101,css,3bf22d9c,SummerGarvais,2026-04-10,11:43:04,-07:00,2026-04-10T11:43:04-07:00,0,0
style.css,102,css,3bf22d9c,SummerGarvais,2026-04-10,11:43:04,-07:00,2026-04-10T11:43:04-07:00,0,0
style.css,103,css,3bf22d9c,SummerGarvais,2026-04-10,11:43:04,-07:00,2026-04-10T11:43:04-07:00,0,7
style.css,104,css,3bf22d9c,SummerGarvais,2026-04-10,11:43:04,-07:00,2026-04-10T11:43:04-07:00,2,16
style.css,105,css,3bf22d9c,SummerGarvais,2026-04-10,11:43:04,-07:00,2026-04-10T11:43:04-07:00,0,0
style.css,106,css,3bf22d9c,SummerGarvais,2026-04-10,11:43:04,-07:00,2026-04-10T11:43:04-07:00,0,0
style.css,107,css,3bf22d9c,SummerGarvais,2026-04-10,11:43:04,-07:00,2026-04-10T11:43:04-07:00,0,14
style.css,108,css,3bf22d9c,SummerGarvais,2026-04-10,11:43:04,-07:00,2026-04-10T11:43:04-07:00,2,12
style.css,109,css,3bf22d9c,SummerGarvais,2026-04-10,11:43:04,-07:00,2026-04-10T11:43:04-07:00,2,7
style.css,110,css,3bf22d9c,SummerGarvais,2026-04-10,11:43:04,-07:00,2026-04-10T11:43:04-07:00,2,14
style.css,111,css,3bf22d9c,SummerGarvais,2026-04-10,11:43:04,-07:00,2026-04-10T11:43:04-07:00,2,29
style.css,112,css,3bf22d9c,SummerGarvais,2026-04-10,11:43:04,-07:00,2026-04-10T11:43:04-07:00,0,0
style.css,113,css,3bf22d9c,SummerGarvais,2026-04-10,11:43:04,-07:00,2026-04-10T11:43:04-07:00,0,0
style.css,114,css,3bf22d9c,SummerGarvais,2026-04-10,11:43:04,-07:00,2026-04-10T11:43:04-07:00,0,10
style.css,115,css,3bf22d9c,SummerGarvais,2026-04-10,11:43:04,-07:00,2026-04-10T11:43:04-07:00,2,8
style.css,116,css,57550d9e,SummerGarvais,2026-04-21,16:51:21,-07:00,2026-04-21T16:51:21-07:00,0,0
style.css,117,css,57550d9e,SummerGarvais,2026-04-21,16:51:21,-07:00,2026-04-21T16:51:21-07:00,0,13
style.css,118,css,57550d9e,SummerGarvais,2026-04-21,16:51:21,-07:00,2026-04-21T16:51:21-07:00,1,17
style.css,119,css,57550d9e,SummerGarvais,2026-04-21,16:51:21,-07:00,2026-04-21T16:51:21-07:00,1,8
style.css,120,css,57550d9e,SummerGarvais,2026-04-21,16:51:21,-07:00,2026-04-21T16:51:21-07:00,1,10
style.css,121,css,57550d9e,SummerGarvais,2026-04-21,16:51:21,-07:00,2026-04-21T16:51:21-07:00,1,13
style.css,122,css,57550d9e,SummerGarvais,2026-04-21,16:51:21,-07:00,2026-04-21T16:51:21-07:00,1,19
style.css,123,css,044a313e,SummerGarvais,2026-04-25,21:27:16,-07:00,2026-04-25T21:27:16-07:00,0,0
style.css,124,css,044a313e,SummerGarvais,2026-04-25,21:27:16,-07:00,2026-04-25T21:27:16-07:00,0,0
style.css,125,css,044a313e,SummerGarvais,2026-04-25,21:27:16,-07:00,2026-04-25T21:27:16-07:00,0,17
style.css,126,css,044a313e,SummerGarvais,2026-04-25,21:27:16,-07:00,2026-04-25T21:27:16-07:00,1,12
style.css,127,css,044a313e,SummerGarvais,2026-04-25,21:27:16,-07:00,2026-04-25T21:27:16-07:00,1,36
style.css,128,css,044a313e,SummerGarvais,2026-04-25,21:27:16,-07:00,2026-04-25T21:27:16-07:00,0,0
style.css,129,css,044a313e,SummerGarvais,2026-04-25,21:27:16,-07:00,2026-04-25T21:27:16-07:00,0,0
style.css,130,css,044a313e,SummerGarvais,2026-04-25,21:27:16,-07:00,2026-04-25T21:27:16-07:00,0,17
style.css,131,css,044a313e,SummerGarvais,2026-04-25,21:27:16,-07:00,2026-04-25T21:27:16-07:00,1,10
style.css,132,css,044a313e,SummerGarvais,2026-04-25,21:27:16,-07:00,2026-04-25T21:27:16-07:00,1,16
style.css,133,css,044a313e,SummerGarvais,2026-04-25,21:27:16,-07:00,2026-04-25T21:27:16-07:00,0,0
style.css,134,css,044a313e,SummerGarvais,2026-04-25,21:27:16,-07:00,2026-04-25T21:27:16-07:00,0,0
style.css,135,css,044a313e,SummerGarvais,2026-04-25,21:27:16,-07:00,2026-04-25T21:27:16-07:00,0,17
style.css,136,css,044a313e,SummerGarvais,2026-04-25,21:27:16,-07:00,2026-04-25T21:27:16-07:00,1,10
style.css,137,css,044a313e,SummerGarvais,2026-04-25,21:27:16,-07:00,2026-04-25T21:27:16-07:00,1,8
style.css,138,css,e4cda92d,SummerGarvais,2026-05-01,10:42:54,-07:00,2026-05-01T10:42:54-07:00,0,0
style.css,139,css,e4cda92d,SummerGarvais,2026-05-01,10:42:54,-07:00,2026-05-01T10:42:54-07:00,0,0
style.css,140,css,e4cda92d,SummerGarvais,2026-05-01,10:42:54,-07:00,2026-05-01T10:42:54-07:00,0,18
style.css,141,css,e4cda92d,SummerGarvais,2026-05-01,10:42:54,-07:00,2026-05-01T10:42:54-07:00,1,14
style.css,142,css,e4cda92d,SummerGarvais,2026-05-01,10:42:54,-07:00,2026-05-01T10:42:54-07:00,1,16
style.css,143,css,e4cda92d,SummerGarvais,2026-05-01,10:42:54,-07:00,2026-05-01T10:42:54-07:00,1,16
style.css,144,css,48eaa46c,SummerGarvais,2026-05-01,11:52:10,-07:00,2026-05-01T11:52:10-07:00,1,17
style.css,145,css,48eaa46c,SummerGarvais,2026-05-01,11:52:10,-07:00,2026-05-01T11:52:10-07:00,2,16
style.css,146,css,48eaa46c,SummerGarvais,2026-05-01,11:52:10,-07:00,2026-05-01T11:52:10-07:00,3,11
style.css,147,css,48eaa46c,SummerGarvais,2026-05-01,11:52:10,-07:00,2026-05-01T11:52:10-07:00,2,0
style.css,148,css,48eaa46c,SummerGarvais,2026-05-01,11:52:10,-07:00,2026-05-01T11:52:10-07:00,1,0
style.css,149,css,48eaa46c,SummerGarvais,2026-05-01,11:52:10,-07:00,2026-05-01T11:52:10-07:00,1,4
style.css,150,css,48eaa46c,SummerGarvais,2026-05-01,11:52:10,-07:00,2026-05-01T11:52:10-07:00,2,16
style.css,151,css,48eaa46c,SummerGarvais,2026-05-01,11:52:10,-07:00,2026-05-01T11:52:10-07:00,2,14
style.css,152,css,48eaa46c,SummerGarvais,2026-05-01,11:52:10,-07:00,2026-05-01T11:52:10-07:00,1,0
style.css,153,css,e4cda92d,SummerGarvais,2026-05-01,10:42:54,-07:00,2026-05-01T10:42:54-07:00,0,0
style.css,154,css,e4cda92d,SummerGarvais,2026-05-01,10:42:54,-07:00,2026-05-01T10:42:54-07:00,0,0
style.css,155,css,45230bf6,SummerGarvais,2026-05-01,11:10:53,-07:00,2026-05-01T11:10:53-07:00,0,7
style.css,156,css,45230bf6,SummerGarvais,2026-05-01,11:10:53,-07:00,2026-05-01T11:10:53-07:00,2,12
style.css,157,css,45230bf6,SummerGarvais,2026-05-01,11:10:53,-07:00,2026-05-01T11:10:53-07:00,2,57
style.css,158,css,45230bf6,SummerGarvais,2026-05-01,11:10:53,-07:00,2026-05-01T11:10:53-07:00,2,11
style.css,159,css,45230bf6,SummerGarvais,2026-05-01,11:10:53,-07:00,2026-05-01T11:10:53-07:00,2,34
style.css,160,css,45230bf6,SummerGarvais,2026-05-01,11:10:53,-07:00,2026-05-01T11:10:53-07:00,2,16
style.css,161,css,45230bf6,SummerGarvais,2026-05-01,11:10:53,-07:00,2026-05-01T11:10:53-07:00,2,15
style.css,162,css,45230bf6,SummerGarvais,2026-05-01,11:10:53,-07:00,2026-05-01T11:10:53-07:00,2,6
style.css,163,css,45230bf6,SummerGarvais,2026-05-01,11:10:53,-07:00,2026-05-01T11:10:53-07:00,2,11
style.css,164,css,45230bf6,SummerGarvais,2026-05-01,11:10:53,-07:00,2026-05-01T11:10:53-07:00,0,0
style.css,165,css,45230bf6,SummerGarvais,2026-05-01,11:10:53,-07:00,2026-05-01T11:10:53-07:00,0,0
style.css,166,css,45230bf6,SummerGarvais,2026-05-01,11:10:53,-07:00,2026-05-01T11:10:53-07:00,0,12
style.css,167,css,45230bf6,SummerGarvais,2026-05-01,11:10:53,-07:00,2026-05-01T11:10:53-07:00,2,12
style.css,168,css,45230bf6,SummerGarvais,2026-05-01,11:10:53,-07:00,2026-05-01T11:10:53-07:00,2,18
style.css,169,css,45230bf6,SummerGarvais,2026-05-01,11:10:53,-07:00,2026-05-01T11:10:53-07:00,2,9
style.css,170,css,45230bf6,SummerGarvais,2026-05-01,11:10:53,-07:00,2026-05-01T11:10:53-07:00,2,6
style.css,171,css,45230bf6,SummerGarvais,2026-05-01,11:10:53,-07:00,2026-05-01T11:10:53-07:00,0,0
style.css,172,css,45230bf6,SummerGarvais,2026-05-01,11:10:53,-07:00,2026-05-01T11:10:53-07:00,0,0
style.css,173,css,45230bf6,SummerGarvais,2026-05-01,11:10:53,-07:00,2026-05-01T11:10:53-07:00,0,7
style.css,174,css,45230bf6,SummerGarvais,2026-05-01,11:10:53,-07:00,2026-05-01T11:10:53-07:00,2,12
style.css,175,css,45230bf6,SummerGarvais,2026-05-01,11:10:53,-07:00,2026-05-01T11:10:53-07:00,2,9
style.css,176,css,e4cda92d,SummerGarvais,2026-05-01,10:42:54,-07:00,2026-05-01T10:42:54-07:00,2,16
style.css,177,css,e4cda92d,SummerGarvais,2026-05-01,10:42:54,-07:00,2026-05-01T10:42:54-07:00,2,29
style.css,178,css,45230bf6,SummerGarvais,2026-05-01,11:10:53,-07:00,2026-05-01T11:10:53-07:00,2,17
style.css,179,css,e4cda92d,SummerGarvais,2026-05-01,10:42:54,-07:00,2026-05-01T10:42:54-07:00,0,0
style.css,180,css,e4cda92d,SummerGarvais,2026-05-01,10:42:54,-07:00,2026-05-01T10:42:54-07:00,0,0
style.css,181,css,45230bf6,SummerGarvais,2026-05-01,11:10:53,-07:00,2026-05-01T11:10:53-07:00,0,10
style.css,182,css,45230bf6,SummerGarvais,2026-05-01,11:10:53,-07:00,2026-05-01T11:10:53-07:00,2,12
style.css,183,css,45230bf6,SummerGarvais,2026-05-01,11:10:53,-07:00,2026-05-01T11:10:53-07:00,2,18
style.css,184,css,45230bf6,SummerGarvais,2026-05-01,11:10:53,-07:00,2026-05-01T11:10:53-07:00,2,7
style.css,185,css,48eaa46c,SummerGarvais,2026-05-01,11:52:10,-07:00,2026-05-01T11:52:10-07:00,0,0
style.css,186,css,48eaa46c,SummerGarvais,2026-05-01,11:52:10,-07:00,2026-05-01T11:52:10-07:00,0,0
style.css,187,css,48eaa46c,SummerGarvais,2026-05-01,11:52:10,-07:00,2026-05-01T11:52:10-07:00,0,9
style.css,188,css,48eaa46c,SummerGarvais,2026-05-01,11:52:10,-07:00,2026-05-01T11:52:10-07:00,1,35
style.css,189,css,48eaa46c,SummerGarvais,2026-05-01,11:52:10,-07:00,2026-05-01T11:52:10-07:00,0,0
style.css,190,css,48eaa46c,SummerGarvais,2026-05-01,11:52:10,-07:00,2026-05-01T11:52:10-07:00,1,10
style.css,191,css,48eaa46c,SummerGarvais,2026-05-01,11:52:10,-07:00,2026-05-01T11:52:10-07:00,2,17
style.css,192,css,48eaa46c,SummerGarvais,2026-05-01,11:52:10,-07:00,2026-05-01T11:52:10-07:00,1,0
style.css,193,css,4ec20df1,SummerGarvais,2026-04-03,15:47:03,-07:00,2026-04-03T15:47:03-07:00,0,0
index.js,1,js,26d40249,SummerGarvais,2026-04-25,21:38:15,-07:00,2026-04-25T21:38:15-07:00,0,71
index.js,2,js,044a313e,SummerGarvais,2026-04-25,21:27:16,-07:00,2026-04-25T21:27:16-07:00,0,0
index.js,3,js,044a313e,SummerGarvais,2026-04-25,21:27:16,-07:00,2026-04-25T21:27:16-07:00,0,54
index.js,4,js,044a313e,SummerGarvais,2026-04-25,21:27:16,-07:00,2026-04-25T21:27:16-07:00,0,42
index.js,5,js,044a313e,SummerGarvais,2026-04-25,21:27:16,-07:00,2026-04-25T21:27:16-07:00,0,0
index.js,6,js,044a313e,SummerGarvais,2026-04-25,21:27:16,-07:00,2026-04-25T21:27:16-07:00,0,60
index.js,7,js,044a313e,SummerGarvais,2026-04-25,21:27:16,-07:00,2026-04-25T21:27:16-07:00,0,0
index.js,8,js,044a313e,SummerGarvais,2026-04-25,21:27:16,-07:00,2026-04-25T21:27:16-07:00,0,54
index.js,9,js,044a313e,SummerGarvais,2026-04-25,21:27:16,-07:00,2026-04-25T21:27:16-07:00,0,0
index.js,10,js,044a313e,SummerGarvais,2026-04-25,21:27:16,-07:00,2026-04-25T21:27:16-07:00,0,56
index.js,11,js,044a313e,SummerGarvais,2026-04-25,21:27:16,-07:00,2026-04-25T21:27:16-07:00,0,0
index.js,12,js,044a313e,SummerGarvais,2026-04-25,21:27:16,-07:00,2026-04-25T21:27:16-07:00,0,60
index.js,13,js,044a313e,SummerGarvais,2026-04-25,21:27:16,-07:00,2026-04-25T21:27:16-07:00,0,17
index.js,14,js,044a313e,SummerGarvais,2026-04-25,21:27:16,-07:00,2026-04-25T21:27:16-07:00,1,24
index.js,15,js,044a313e,SummerGarvais,2026-04-25,21:27:16,-07:00,2026-04-25T21:27:16-07:00,2,2
index.js,16,js,044a313e,SummerGarvais,2026-04-25,21:27:16,-07:00,2026-04-25T21:27:16-07:00,3,55
index.js,17,js,044a313e,SummerGarvais,2026-04-25,21:27:16,-07:00,2026-04-25T21:27:16-07:00,3,55
index.js,18,js,044a313e,SummerGarvais,2026-04-25,21:27:16,-07:00,2026-04-25T21:27:16-07:00,3,49
index.js,19,js,044a313e,SummerGarvais,2026-04-25,21:27:16,-07:00,2026-04-25T21:27:16-07:00,3,49
index.js,20,js,044a313e,SummerGarvais,2026-04-25,21:27:16,-07:00,2026-04-25T21:27:16-07:00,2,3
index.js,21,js,044a313e,SummerGarvais,2026-04-25,21:27:16,-07:00,2026-04-25T21:27:16-07:00,1,0
index.js,22,js,044a313e,SummerGarvais,2026-04-25,21:27:16,-07:00,2026-04-25T21:27:16-07:00,0,0
index.js,23,js,044a313e,SummerGarvais,2026-04-25,21:27:16,-07:00,2026-04-25T21:27:16-07:00,0,0
index.html,1,html,18f866b2,SummerGarvais,2026-04-03,14:23:39,-07:00,2026-04-03T14:23:39-07:00,0,13
index.html,2,html,18f866b2,SummerGarvais,2026-04-03,14:23:39,-07:00,2026-04-03T14:23:39-07:00,0,14
index.html,3,html,18f866b2,SummerGarvais,2026-04-03,14:23:39,-07:00,2026-04-03T14:23:39-07:00,0,4
index.html,4,html,18f866b2,SummerGarvais,2026-04-03,14:23:39,-07:00,2026-04-03T14:23:39-07:00,2,20
index.html,5,html,18f866b2,SummerGarvais,2026-04-03,14:23:39,-07:00,2026-04-03T14:23:39-07:00,2,68
index.html,6,html,4ec20df1,SummerGarvais,2026-04-03,15:47:03,-07:00,2026-04-03T15:47:03-07:00,2,56
index.html,7,html,2e12ade2,SummerGarvais,2026-04-21,09:27:24,-07:00,2026-04-21T09:27:24-07:00,2,40
index.html,8,html,2e12ade2,SummerGarvais,2026-04-21,09:27:24,-07:00,2026-04-21T09:27:24-07:00,2,47
index.html,9,html,044a313e,SummerGarvais,2026-04-25,21:27:16,-07:00,2026-04-25T21:27:16-07:00,2,50
index.html,10,html,18f866b2,SummerGarvais,2026-04-03,14:23:39,-07:00,2026-04-03T14:23:39-07:00,0,5
index.html,11,html,18f866b2,SummerGarvais,2026-04-03,14:23:39,-07:00,2026-04-03T14:23:39-07:00,0,4
index.html,12,html,62f4c450,SummerGarvais,2026-04-10,10:07:47,-07:00,2026-04-10T10:07:47-07:00,2,21
index.html,13,html,4ec20df1,SummerGarvais,2026-04-03,15:47:03,-07:00,2026-04-03T15:47:03-07:00,2,2
index.html,14,html,62f4c450,SummerGarvais,2026-04-10,10:07:47,-07:00,2026-04-10T10:07:47-07:00,4,30
index.html,15,html,4ec20df1,SummerGarvais,2026-04-03,15:47:03,-07:00,2026-04-03T15:47:03-07:00,4,108
index.html,16,html,4ec20df1,SummerGarvais,2026-04-03,15:47:03,-07:00,2026-04-03T15:47:03-07:00,4,9
index.html,17,html,4ec20df1,SummerGarvais,2026-04-03,15:47:03,-07:00,2026-04-03T15:47:03-07:00,2,0
index.html,18,html,62f4c450,SummerGarvais,2026-04-10,10:07:47,-07:00,2026-04-10T10:07:47-07:00,2,74
index.html,19,html,62f4c450,SummerGarvais,2026-04-10,10:07:47,-07:00,2026-04-10T10:07:47-07:00,4,130
index.html,20,html,62f4c450,SummerGarvais,2026-04-10,10:07:47,-07:00,2026-04-10T10:07:47-07:00,2,2
index.html,21,html,044a313e,SummerGarvais,2026-04-25,21:27:16,-07:00,2026-04-25T21:27:16-07:00,2,22
index.html,22,html,044a313e,SummerGarvais,2026-04-25,21:27:16,-07:00,2026-04-25T21:27:16-07:00,2,26
index.html,23,html,044a313e,SummerGarvais,2026-04-25,21:27:16,-07:00,2026-04-25T21:27:16-07:00,0,0
index.html,24,html,044a313e,SummerGarvais,2026-04-25,21:27:16,-07:00,2026-04-25T21:27:16-07:00,2,46
index.html,25,html,26d40249,SummerGarvais,2026-04-25,21:38:15,-07:00,2026-04-25T21:38:15-07:00,2,19
index.html,26,html,044a313e,SummerGarvais,2026-04-25,21:27:16,-07:00,2026-04-25T21:27:16-07:00,2,28
index.html,27,html,18f866b2,SummerGarvais,2026-04-03,14:23:39,-07:00,2026-04-03T14:23:39-07:00,0,5
index.html,28,html,18f866b2,SummerGarvais,2026-04-03,14:23:39,-07:00,2026-04-03T14:23:39-07:00,0,5
global.js,1,js,eb027b2f,SummerGarvais,2026-04-21,13:44:15,-07:00,2026-04-21T13:44:15-07:00,0,25
global.js,2,js,94088b61,SummerGarvais,2026-04-21,08:54:25,-07:00,2026-04-21T08:54:25-07:00,0,0
global.js,3,js,94088b61,SummerGarvais,2026-04-21,08:54:25,-07:00,2026-04-21T08:54:25-07:00,0,41
global.js,4,js,94088b61,SummerGarvais,2026-04-21,08:54:25,-07:00,2026-04-21T08:54:25-07:00,1,52
global.js,5,js,119d3684,SummerGarvais,2026-04-21,09:08:00,-07:00,2026-04-21T09:08:00-07:00,0,0
global.js,6,js,119d3684,SummerGarvais,2026-04-21,09:08:00,-07:00,2026-04-21T09:08:00-07:00,0,0
global.js,7,js,119d3684,SummerGarvais,2026-04-21,09:08:00,-07:00,2026-04-21T09:08:00-07:00,0,0
global.js,8,js,788573b2,SummerGarvais,2026-04-21,13:17:54,-07:00,2026-04-21T13:17:54-07:00,0,28
global.js,9,js,788573b2,SummerGarvais,2026-04-21,13:17:54,-07:00,2026-04-21T13:17:54-07:00,0,0
global.js,10,js,788573b2,SummerGarvais,2026-04-21,13:17:54,-07:00,2026-04-21T13:17:54-07:00,0,40
global.js,11,js,788573b2,SummerGarvais,2026-04-21,13:17:54,-07:00,2026-04-21T13:17:54-07:00,2,63
global.js,12,js,788573b2,SummerGarvais,2026-04-21,13:17:54,-07:00,2026-04-21T13:17:54-07:00,0,39
global.js,13,js,788573b2,SummerGarvais,2026-04-21,13:17:54,-07:00,2026-04-21T13:17:54-07:00,0,0
global.js,14,js,788573b2,SummerGarvais,2026-04-21,13:17:54,-07:00,2026-04-21T13:17:54-07:00,0,11
global.js,15,js,788573b2,SummerGarvais,2026-04-21,13:17:54,-07:00,2026-04-21T13:17:54-07:00,1,23
global.js,16,js,788573b2,SummerGarvais,2026-04-21,13:17:54,-07:00,2026-04-21T13:17:54-07:00,1,36
global.js,17,js,eb027b2f,SummerGarvais,2026-04-21,13:44:15,-07:00,2026-04-21T13:44:15-07:00,1,34
global.js,18,js,788573b2,SummerGarvais,2026-04-21,13:17:54,-07:00,2026-04-21T13:17:54-07:00,1,34
global.js,19,js,fd9234c7,SummerGarvais,2026-05-09,09:59:11,-07:00,2026-05-09T09:59:11-07:00,1,28
global.js,20,js,fd9234c7,SummerGarvais,2026-05-09,09:59:11,-07:00,2026-05-09T09:59:11-07:00,0,0
global.js,21,js,788573b2,SummerGarvais,2026-04-21,13:17:54,-07:00,2026-04-21T13:17:54-07:00,0,0
global.js,22,js,788573b2,SummerGarvais,2026-04-21,13:17:54,-07:00,2026-04-21T13:17:54-07:00,0,0
global.js,23,js,788573b2,SummerGarvais,2026-04-21,13:17:54,-07:00,2026-04-21T13:17:54-07:00,0,38
global.js,24,js,788573b2,SummerGarvais,2026-04-21,13:17:54,-07:00,2026-04-21T13:17:54-07:00,0,25
global.js,25,js,788573b2,SummerGarvais,2026-04-21,13:17:54,-07:00,2026-04-21T13:17:54-07:00,0,0
global.js,26,js,788573b2,SummerGarvais,2026-04-21,13:17:54,-07:00,2026-04-21T13:17:54-07:00,0,88
global.js,27,js,788573b2,SummerGarvais,2026-04-21,13:17:54,-07:00,2026-04-21T13:17:54-07:00,1,36
global.js,28,js,eb027b2f,SummerGarvais,2026-04-21,13:44:15,-07:00,2026-04-21T13:44:15-07:00,1,48
global.js,29,js,788573b2,SummerGarvais,2026-04-21,13:17:54,-07:00,2026-04-21T13:17:54-07:00,0,0
global.js,30,js,788573b2,SummerGarvais,2026-04-21,13:17:54,-07:00,2026-04-21T13:17:54-07:00,0,0
global.js,31,js,788573b2,SummerGarvais,2026-04-21,13:17:54,-07:00,2026-04-21T13:17:54-07:00,0,19
global.js,32,js,788573b2,SummerGarvais,2026-04-21,13:17:54,-07:00,2026-04-21T13:17:54-07:00,1,14
global.js,33,js,788573b2,SummerGarvais,2026-04-21,13:17:54,-07:00,2026-04-21T13:17:54-07:00,1,18
global.js,34,js,57550d9e,SummerGarvais,2026-04-21,16:51:21,-07:00,2026-04-21T16:51:21-07:00,0,0
global.js,35,js,788573b2,SummerGarvais,2026-04-21,13:17:54,-07:00,2026-04-21T13:17:54-07:00,1,28
global.js,36,js,788573b2,SummerGarvais,2026-04-21,13:17:54,-07:00,2026-04-21T13:17:54-07:00,2,20
global.js,37,js,788573b2,SummerGarvais,2026-04-21,13:17:54,-07:00,2026-04-21T13:17:54-07:00,1,0
global.js,38,js,57550d9e,SummerGarvais,2026-04-21,16:51:21,-07:00,2026-04-21T16:51:21-07:00,0,0
global.js,39,js,eb027b2f,SummerGarvais,2026-04-21,13:44:15,-07:00,2026-04-21T13:44:15-07:00,1,34
global.js,40,js,eb027b2f,SummerGarvais,2026-04-21,13:44:15,-07:00,2026-04-21T13:44:15-07:00,1,11
global.js,41,js,eb027b2f,SummerGarvais,2026-04-21,13:44:15,-07:00,2026-04-21T13:44:15-07:00,1,20
global.js,42,js,eb027b2f,SummerGarvais,2026-04-21,13:44:15,-07:00,2026-04-21T13:44:15-07:00,1,12
global.js,43,js,57550d9e,SummerGarvais,2026-04-21,16:51:21,-07:00,2026-04-21T16:51:21-07:00,1,17
global.js,44,js,57550d9e,SummerGarvais,2026-04-21,16:51:21,-07:00,2026-04-21T16:51:21-07:00,1,8
global.js,45,js,57550d9e,SummerGarvais,2026-04-21,16:51:21,-07:00,2026-04-21T16:51:21-07:00,1,27
global.js,46,js,57550d9e,SummerGarvais,2026-04-21,16:51:21,-07:00,2026-04-21T16:51:21-07:00,2,33
global.js,47,js,044a313e,SummerGarvais,2026-04-25,21:27:16,-07:00,2026-04-25T21:27:16-07:00,2,71
global.js,48,js,57550d9e,SummerGarvais,2026-04-21,16:51:21,-07:00,2026-04-21T16:51:21-07:00,1,0
global.js,49,js,57550d9e,SummerGarvais,2026-04-21,16:51:21,-07:00,2026-04-21T16:51:21-07:00,0,0
global.js,50,js,57550d9e,SummerGarvais,2026-04-21,16:51:21,-07:00,2026-04-21T16:51:21-07:00,0,0
global.js,51,js,57550d9e,SummerGarvais,2026-04-21,16:51:21,-07:00,2026-04-21T16:51:21-07:00,0,0
global.js,52,js,57550d9e,SummerGarvais,2026-04-21,16:51:21,-07:00,2026-04-21T16:51:21-07:00,0,31
global.js,53,js,57550d9e,SummerGarvais,2026-04-21,16:51:21,-07:00,2026-04-21T16:51:21-07:00,1,11
global.js,54,js,57550d9e,SummerGarvais,2026-04-21,16:51:21,-07:00,2026-04-21T16:51:21-07:00,1,27
global.js,55,js,57550d9e,SummerGarvais,2026-04-21,16:51:21,-07:00,2026-04-21T16:51:21-07:00,2,4
global.js,56,js,57550d9e,SummerGarvais,2026-04-21,16:51:21,-07:00,2026-04-21T16:51:21-07:00,2,6
global.js,57,js,044a313e,SummerGarvais,2026-04-25,21:27:16,-07:00,2026-04-25T21:27:16-07:00,3,50
global.js,58,js,57550d9e,SummerGarvais,2026-04-21,16:51:21,-07:00,2026-04-21T16:51:21-07:00,3,41
global.js,59,js,57550d9e,SummerGarvais,2026-04-21,16:51:21,-07:00,2026-04-21T16:51:21-07:00,3,39
global.js,60,js,57550d9e,SummerGarvais,2026-04-21,16:51:21,-07:00,2026-04-21T16:51:21-07:00,2,7
global.js,61,js,57550d9e,SummerGarvais,2026-04-21,16:51:21,-07:00,2026-04-21T16:51:21-07:00,1,8
global.js,62,js,57550d9e,SummerGarvais,2026-04-21,16:51:21,-07:00,2026-04-21T16:51:21-07:00,0,0
global.js,63,js,57550d9e,SummerGarvais,2026-04-21,16:51:21,-07:00,2026-04-21T16:51:21-07:00,0,0
global.js,64,js,57550d9e,SummerGarvais,2026-04-21,16:51:21,-07:00,2026-04-21T16:51:21-07:00,0,0
global.js,65,js,57550d9e,SummerGarvais,2026-04-21,16:51:21,-07:00,2026-04-21T16:51:21-07:00,0,0
global.js,66,js,57550d9e,SummerGarvais,2026-04-21,16:51:21,-07:00,2026-04-21T16:51:21-07:00,0,64
global.js,67,js,57550d9e,SummerGarvais,2026-04-21,16:51:21,-07:00,2026-04-21T16:51:21-07:00,0,0
global.js,68,js,57550d9e,SummerGarvais,2026-04-21,16:51:21,-07:00,2026-04-21T16:51:21-07:00,0,29
global.js,69,js,57550d9e,SummerGarvais,2026-04-21,16:51:21,-07:00,2026-04-21T16:51:21-07:00,1,83
global.js,70,js,57550d9e,SummerGarvais,2026-04-21,16:51:21,-07:00,2026-04-21T16:51:21-07:00,1,44
global.js,71,js,57550d9e,SummerGarvais,2026-04-21,16:51:21,-07:00,2026-04-21T16:51:21-07:00,0,0
global.js,72,js,57550d9e,SummerGarvais,2026-04-21,16:51:21,-07:00,2026-04-21T16:51:21-07:00,0,0
global.js,73,js,57550d9e,SummerGarvais,2026-04-21,16:51:21,-07:00,2026-04-21T16:51:21-07:00,0,0
global.js,74,js,57550d9e,SummerGarvais,2026-04-21,16:51:21,-07:00,2026-04-21T16:51:21-07:00,0,54
global.js,75,js,57550d9e,SummerGarvais,2026-04-21,16:51:21,-07:00,2026-04-21T16:51:21-07:00,1,57
global.js,76,js,57550d9e,SummerGarvais,2026-04-21,16:51:21,-07:00,2026-04-21T16:51:21-07:00,1,28
global.js,77,js,57550d9e,SummerGarvais,2026-04-21,16:51:21,-07:00,2026-04-21T16:51:21-07:00,1,71
global.js,78,js,57550d9e,SummerGarvais,2026-04-21,16:51:21,-07:00,2026-04-21T16:51:21-07:00,1,38
global.js,79,js,48d15214,SummerGarvais,2026-04-22,13:46:10,-07:00,2026-04-22T13:46:10-07:00,0,1
global.js,80,js,48d15214,SummerGarvais,2026-04-22,13:46:10,-07:00,2026-04-22T13:46:10-07:00,0,0
global.js,81,js,48d15214,SummerGarvais,2026-04-22,13:46:10,-07:00,2026-04-22T13:46:10-07:00,0,36
global.js,82,js,48d15214,SummerGarvais,2026-04-22,13:46:10,-07:00,2026-04-22T13:46:10-07:00,1,3
global.js,83,js,48d15214,SummerGarvais,2026-04-22,13:46:10,-07:00,2026-04-22T13:46:10-07:00,2,39
global.js,84,js,48d15214,SummerGarvais,2026-04-22,13:46:10,-07:00,2026-04-22T13:46:10-07:00,2,32
global.js,85,js,bfcc67dd,SummerGarvais,2026-04-22,13:50:18,-07:00,2026-04-22T13:50:18-07:00,2,17
global.js,86,js,bfcc67dd,SummerGarvais,2026-04-22,13:50:18,-07:00,2026-04-22T13:50:18-07:00,3,66
global.js,87,js,bfcc67dd,SummerGarvais,2026-04-22,13:50:18,-07:00,2026-04-22T13:50:18-07:00,2,0
global.js,88,js,bfcc67dd,SummerGarvais,2026-04-22,13:50:18,-07:00,2026-04-22T13:50:18-07:00,2,33
global.js,89,js,bfcc67dd,SummerGarvais,2026-04-22,13:50:18,-07:00,2026-04-22T13:50:18-07:00,2,10
global.js,90,js,48d15214,SummerGarvais,2026-04-22,13:46:10,-07:00,2026-04-22T13:46:10-07:00,1,15
global.js,91,js,48d15214,SummerGarvais,2026-04-22,13:46:10,-07:00,2026-04-22T13:46:10-07:00,2,59
global.js,92,js,48d15214,SummerGarvais,2026-04-22,13:46:10,-07:00,2026-04-22T13:46:10-07:00,1,0
global.js,93,js,f6dc0d19,SummerGarvais,2026-04-25,20:59:12,-07:00,2026-04-25T20:59:12-07:00,0,0
global.js,94,js,f6dc0d19,SummerGarvais,2026-04-25,20:59:12,-07:00,2026-04-25T20:59:12-07:00,0,0
global.js,95,js,f6dc0d19,SummerGarvais,2026-04-25,20:59:12,-07:00,2026-04-25T20:59:12-07:00,0,0
global.js,96,js,f6dc0d19,SummerGarvais,2026-04-25,20:59:12,-07:00,2026-04-25T20:59:12-07:00,0,0
global.js,97,js,f6dc0d19,SummerGarvais,2026-04-25,20:59:12,-07:00,2026-04-25T20:59:12-07:00,0,0
global.js,98,js,f6dc0d19,SummerGarvais,2026-04-25,20:59:12,-07:00,2026-04-25T20:59:12-07:00,0,78
global.js,99,js,f6dc0d19,SummerGarvais,2026-04-25,20:59:12,-07:00,2026-04-25T20:59:12-07:00,1,28
global.js,100,js,f6dc0d19,SummerGarvais,2026-04-25,20:59:12,-07:00,2026-04-25T20:59:12-07:00,0,0
global.js,101,js,f6dc0d19,SummerGarvais,2026-04-25,20:59:12,-07:00,2026-04-25T20:59:12-07:00,1,57
global.js,102,js,f6dc0d19,SummerGarvais,2026-04-25,20:59:12,-07:00,2026-04-25T20:59:12-07:00,1,42
global.js,103,js,f6dc0d19,SummerGarvais,2026-04-25,20:59:12,-07:00,2026-04-25T20:59:12-07:00,2,18
global.js,104,js,f6dc0d19,SummerGarvais,2026-04-25,20:59:12,-07:00,2026-04-25T20:59:12-07:00,1,0
global.js,105,js,f6dc0d19,SummerGarvais,2026-04-25,20:59:12,-07:00,2026-04-25T20:59:12-07:00,0,0
global.js,106,js,f6dc0d19,SummerGarvais,2026-04-25,20:59:12,-07:00,2026-04-25T20:59:12-07:00,0,0
global.js,107,js,f6dc0d19,SummerGarvais,2026-04-25,20:59:12,-07:00,2026-04-25T20:59:12-07:00,1,30
global.js,108,js,f6dc0d19,SummerGarvais,2026-04-25,20:59:12,-07:00,2026-04-25T20:59:12-07:00,0,0
global.js,109,js,044a313e,SummerGarvais,2026-04-25,21:27:16,-07:00,2026-04-25T21:27:16-07:00,1,25
global.js,110,js,f6dc0d19,SummerGarvais,2026-04-25,20:59:12,-07:00,2026-04-25T20:59:12-07:00,4,60
global.js,111,js,f6dc0d19,SummerGarvais,2026-04-25,20:59:12,-07:00,2026-04-25T20:59:12-07:00,4,5
global.js,112,js,f6dc0d19,SummerGarvais,2026-04-25,20:59:12,-07:00,2026-04-25T20:59:12-07:00,2,0
global.js,113,js,f6dc0d19,SummerGarvais,2026-04-25,20:59:12,-07:00,2026-04-25T20:59:12-07:00,0,0
global.js,114,js,f6dc0d19,SummerGarvais,2026-04-25,20:59:12,-07:00,2026-04-25T20:59:12-07:00,0,0
global.js,115,js,044a313e,SummerGarvais,2026-04-25,21:27:16,-07:00,2026-04-25T21:27:16-07:00,1,27
global.js,116,js,f6dc0d19,SummerGarvais,2026-04-25,20:59:12,-07:00,2026-04-25T20:59:12-07:00,4,48
global.js,117,js,f6dc0d19,SummerGarvais,2026-04-25,20:59:12,-07:00,2026-04-25T20:59:12-07:00,4,19
global.js,118,js,044a313e,SummerGarvais,2026-04-25,21:27:16,-07:00,2026-04-25T21:27:16-07:00,6,60
global.js,119,js,044a313e,SummerGarvais,2026-04-25,21:27:16,-07:00,2026-04-25T21:27:16-07:00,6,68
global.js,120,js,e4cda92d,SummerGarvais,2026-05-01,10:42:54,-07:00,2026-05-01T10:42:54-07:00,6,51
global.js,121,js,e4cda92d,SummerGarvais,2026-05-01,10:42:54,-07:00,2026-05-01T10:42:54-07:00,6,38
global.js,122,js,e4cda92d,SummerGarvais,2026-05-01,10:42:54,-07:00,2026-05-01T10:42:54-07:00,4,0
global.js,123,js,f6dc0d19,SummerGarvais,2026-04-25,20:59:12,-07:00,2026-04-25T20:59:12-07:00,4,0
global.js,124,js,f6dc0d19,SummerGarvais,2026-04-25,20:59:12,-07:00,2026-04-25T20:59:12-07:00,4,36
global.js,125,js,f6dc0d19,SummerGarvais,2026-04-25,20:59:12,-07:00,2026-04-25T20:59:12-07:00,2,0
global.js,126,js,f6dc0d19,SummerGarvais,2026-04-25,20:59:12,-07:00,2026-04-25T20:59:12-07:00,0,0
global.js,127,js,f6dc0d19,SummerGarvais,2026-04-25,20:59:12,-07:00,2026-04-25T20:59:12-07:00,0,0
global.js,128,js,044a313e,SummerGarvais,2026-04-25,21:27:16,-07:00,2026-04-25T21:27:16-07:00,0,47
global.js,129,js,044a313e,SummerGarvais,2026-04-25,21:27:16,-07:00,2026-04-25T21:27:16-07:00,1,59
global.js,130,js,044a313e,SummerGarvais,2026-04-25,21:27:16,-07:00,2026-04-25T21:27:16-07:00,0,0
projects\projects.js,1,js,e4cda92d,SummerGarvais,2026-05-01,10:42:54,-07:00,2026-05-01T10:42:54-07:00,0,63
projects\projects.js,2,js,bfcc67dd,SummerGarvais,2026-04-22,13:50:18,-07:00,2026-04-22T13:50:18-07:00,0,55
projects\projects.js,3,js,bfcc67dd,SummerGarvais,2026-04-22,13:50:18,-07:00,2026-04-22T13:50:18-07:00,0,0
projects\projects.js,4,js,f6dc0d19,SummerGarvais,2026-04-25,20:59:12,-07:00,2026-04-25T20:59:12-07:00,0,55
projects\projects.js,5,js,f6dc0d19,SummerGarvais,2026-04-25,20:59:12,-07:00,2026-04-25T20:59:12-07:00,0,60
projects\projects.js,6,js,f6dc0d19,SummerGarvais,2026-04-25,20:59:12,-07:00,2026-04-25T20:59:12-07:00,0,0
projects\projects.js,7,js,044a313e,SummerGarvais,2026-04-25,21:27:16,-07:00,2026-04-25T21:27:16-07:00,0,48
projects\projects.js,8,js,044a313e,SummerGarvais,2026-04-25,21:27:16,-07:00,2026-04-25T21:27:16-07:00,0,0
projects\projects.js,9,js,044a313e,SummerGarvais,2026-04-25,21:27:16,-07:00,2026-04-25T21:27:16-07:00,0,62
projects\projects.js,10,js,e4cda92d,SummerGarvais,2026-05-01,10:42:54,-07:00,2026-05-01T10:42:54-07:00,0,56
projects\projects.js,11,js,e4cda92d,SummerGarvais,2026-05-01,10:42:54,-07:00,2026-05-01T10:42:54-07:00,0,0
projects\projects.js,12,js,48eaa46c,SummerGarvais,2026-05-01,11:52:10,-07:00,2026-05-01T11:52:10-07:00,0,13
projects\projects.js,13,js,48eaa46c,SummerGarvais,2026-05-01,11:52:10,-07:00,2026-05-01T11:52:10-07:00,0,53
projects\projects.js,14,js,48eaa46c,SummerGarvais,2026-05-01,11:52:10,-07:00,2026-05-01T11:52:10-07:00,0,21
projects\projects.js,15,js,48eaa46c,SummerGarvais,2026-05-01,11:52:10,-07:00,2026-05-01T11:52:10-07:00,0,0
projects\projects.js,16,js,48eaa46c,SummerGarvais,2026-05-01,11:52:10,-07:00,2026-05-01T11:52:10-07:00,0,38
projects\projects.js,17,js,48eaa46c,SummerGarvais,2026-05-01,11:52:10,-07:00,2026-05-01T11:52:10-07:00,1,29
projects\projects.js,18,js,48eaa46c,SummerGarvais,2026-05-01,11:52:10,-07:00,2026-05-01T11:52:10-07:00,2,12
projects\projects.js,19,js,48eaa46c,SummerGarvais,2026-05-01,11:52:10,-07:00,2026-05-01T11:52:10-07:00,2,14
projects\projects.js,20,js,48eaa46c,SummerGarvais,2026-05-01,11:52:10,-07:00,2026-05-01T11:52:10-07:00,2,12
projects\projects.js,21,js,48eaa46c,SummerGarvais,2026-05-01,11:52:10,-07:00,2026-05-01T11:52:10-07:00,1,0
projects\projects.js,22,js,48eaa46c,SummerGarvais,2026-05-01,11:52:10,-07:00,2026-05-01T11:52:10-07:00,0,0
projects\projects.js,23,js,48eaa46c,SummerGarvais,2026-05-01,11:52:10,-07:00,2026-05-01T11:52:10-07:00,1,50
projects\projects.js,24,js,48eaa46c,SummerGarvais,2026-05-01,11:52:10,-07:00,2026-05-01T11:52:10-07:00,2,35
projects\projects.js,25,js,48eaa46c,SummerGarvais,2026-05-01,11:52:10,-07:00,2026-05-01T11:52:10-07:00,1,1
projects\projects.js,26,js,48eaa46c,SummerGarvais,2026-05-01,11:52:10,-07:00,2026-05-01T11:52:10-07:00,0,0
projects\projects.js,27,js,48eaa46c,SummerGarvais,2026-05-01,11:52:10,-07:00,2026-05-01T11:52:10-07:00,1,28
projects\projects.js,28,js,48eaa46c,SummerGarvais,2026-05-01,11:52:10,-07:00,2026-05-01T11:52:10-07:00,1,32
projects\projects.js,29,js,48eaa46c,SummerGarvais,2026-05-01,11:52:10,-07:00,2026-05-01T11:52:10-07:00,1,44
projects\projects.js,30,js,48eaa46c,SummerGarvais,2026-05-01,11:52:10,-07:00,2026-05-01T11:52:10-07:00,0,0
projects\projects.js,31,js,48eaa46c,SummerGarvais,2026-05-01,11:52:10,-07:00,2026-05-01T11:52:10-07:00,1,57
projects\projects.js,32,js,48eaa46c,SummerGarvais,2026-05-01,11:52:10,-07:00,2026-05-01T11:52:10-07:00,1,50
projects\projects.js,33,js,48eaa46c,SummerGarvais,2026-05-01,11:52:10,-07:00,2026-05-01T11:52:10-07:00,1,39
projects\projects.js,34,js,48eaa46c,SummerGarvais,2026-05-01,11:52:10,-07:00,2026-05-01T11:52:10-07:00,1,51
projects\projects.js,35,js,48eaa46c,SummerGarvais,2026-05-01,11:52:10,-07:00,2026-05-01T11:52:10-07:00,1,47
projects\projects.js,36,js,48eaa46c,SummerGarvais,2026-05-01,11:52:10,-07:00,2026-05-01T11:52:10-07:00,0,0
projects\projects.js,37,js,48eaa46c,SummerGarvais,2026-05-01,11:52:10,-07:00,2026-05-01T11:52:10-07:00,1,14
projects\projects.js,38,js,48eaa46c,SummerGarvais,2026-05-01,11:52:10,-07:00,2026-05-01T11:52:10-07:00,1,32
projects\projects.js,39,js,48eaa46c,SummerGarvais,2026-05-01,11:52:10,-07:00,2026-05-01T11:52:10-07:00,1,27
projects\projects.js,40,js,48eaa46c,SummerGarvais,2026-05-01,11:52:10,-07:00,2026-05-01T11:52:10-07:00,2,4
projects\projects.js,41,js,48eaa46c,SummerGarvais,2026-05-01,11:52:10,-07:00,2026-05-01T11:52:10-07:00,3,11
projects\projects.js,42,js,48eaa46c,SummerGarvais,2026-05-01,11:52:10,-07:00,2026-05-01T11:52:10-07:00,3,38
projects\projects.js,43,js,48eaa46c,SummerGarvais,2026-05-01,11:52:10,-07:00,2026-05-01T11:52:10-07:00,3,27
projects\projects.js,44,js,48eaa46c,SummerGarvais,2026-05-01,11:52:10,-07:00,2026-05-01T11:52:10-07:00,3,69
projects\projects.js,45,js,48eaa46c,SummerGarvais,2026-05-01,11:52:10,-07:00,2026-05-01T11:52:10-07:00,1,1
projects\projects.js,46,js,48eaa46c,SummerGarvais,2026-05-01,11:52:10,-07:00,2026-05-01T11:52:10-07:00,0,0
projects\projects.js,47,js,48eaa46c,SummerGarvais,2026-05-01,11:52:10,-07:00,2026-05-01T11:52:10-07:00,1,37
projects\projects.js,48,js,48eaa46c,SummerGarvais,2026-05-01,11:52:10,-07:00,2026-05-01T11:52:10-07:00,1,27
projects\projects.js,49,js,48eaa46c,SummerGarvais,2026-05-01,11:52:10,-07:00,2026-05-01T11:52:10-07:00,2,4
projects\projects.js,50,js,48eaa46c,SummerGarvais,2026-05-01,11:52:10,-07:00,2026-05-01T11:52:10-07:00,3,13
projects\projects.js,51,js,48eaa46c,SummerGarvais,2026-05-01,11:52:10,-07:00,2026-05-01T11:52:10-07:00,3,13
projects\projects.js,52,js,48eaa46c,SummerGarvais,2026-05-01,11:52:10,-07:00,2026-05-01T11:52:10-07:00,3,22
projects\projects.js,53,js,48eaa46c,SummerGarvais,2026-05-01,11:52:10,-07:00,2026-05-01T11:52:10-07:00,3,18
projects\projects.js,54,js,48eaa46c,SummerGarvais,2026-05-01,11:52:10,-07:00,2026-05-01T11:52:10-07:00,4,43
projects\projects.js,55,js,48eaa46c,SummerGarvais,2026-05-01,11:52:10,-07:00,2026-05-01T11:52:10-07:00,0,0
projects\projects.js,56,js,48eaa46c,SummerGarvais,2026-05-01,11:52:10,-07:00,2026-05-01T11:52:10-07:00,4,4
projects\projects.js,57,js,48eaa46c,SummerGarvais,2026-05-01,11:52:10,-07:00,2026-05-01T11:52:10-07:00,5,16
projects\projects.js,58,js,48eaa46c,SummerGarvais,2026-05-01,11:52:10,-07:00,2026-05-01T11:52:10-07:00,5,66
projects\projects.js,59,js,48eaa46c,SummerGarvais,2026-05-01,11:52:10,-07:00,2026-05-01T11:52:10-07:00,0,0
projects\projects.js,60,js,48eaa46c,SummerGarvais,2026-05-01,11:52:10,-07:00,2026-05-01T11:52:10-07:00,4,4
projects\projects.js,61,js,48eaa46c,SummerGarvais,2026-05-01,11:52:10,-07:00,2026-05-01T11:52:10-07:00,5,14
projects\projects.js,62,js,48eaa46c,SummerGarvais,2026-05-01,11:52:10,-07:00,2026-05-01T11:52:10-07:00,5,24
projects\projects.js,63,js,48eaa46c,SummerGarvais,2026-05-01,11:52:10,-07:00,2026-05-01T11:52:10-07:00,6,60
projects\projects.js,64,js,48eaa46c,SummerGarvais,2026-05-01,11:52:10,-07:00,2026-05-01T11:52:10-07:00,5,0
projects\projects.js,65,js,48eaa46c,SummerGarvais,2026-05-01,11:52:10,-07:00,2026-05-01T11:52:10-07:00,5,25
projects\projects.js,66,js,48eaa46c,SummerGarvais,2026-05-01,11:52:10,-07:00,2026-05-01T11:52:10-07:00,8,48
projects\projects.js,67,js,48eaa46c,SummerGarvais,2026-05-01,11:52:10,-07:00,2026-05-01T11:52:10-07:00,5,6
projects\projects.js,68,js,48eaa46c,SummerGarvais,2026-05-01,11:52:10,-07:00,2026-05-01T11:52:10-07:00,8,46
projects\projects.js,69,js,48eaa46c,SummerGarvais,2026-05-01,11:52:10,-07:00,2026-05-01T11:52:10-07:00,8,37
projects\projects.js,70,js,48eaa46c,SummerGarvais,2026-05-01,11:52:10,-07:00,2026-05-01T11:52:10-07:00,10,74
projects\projects.js,71,js,48eaa46c,SummerGarvais,2026-05-01,11:52:10,-07:00,2026-05-01T11:52:10-07:00,8,56
projects\projects.js,72,js,48eaa46c,SummerGarvais,2026-05-01,11:52:10,-07:00,2026-05-01T11:52:10-07:00,6,0
projects\projects.js,73,js,48eaa46c,SummerGarvais,2026-05-01,11:52:10,-07:00,2026-05-01T11:52:10-07:00,4,0
projects\projects.js,74,js,48eaa46c,SummerGarvais,2026-05-01,11:52:10,-07:00,2026-05-01T11:52:10-07:00,3,1
projects\projects.js,75,js,48eaa46c,SummerGarvais,2026-05-01,11:52:10,-07:00,2026-05-01T11:52:10-07:00,1,1
projects\projects.js,76,js,48eaa46c,SummerGarvais,2026-05-01,11:52:10,-07:00,2026-05-01T11:52:10-07:00,0,0
projects\projects.js,77,js,48eaa46c,SummerGarvais,2026-05-01,11:52:10,-07:00,2026-05-01T11:52:10-07:00,0,0
projects\projects.js,78,js,48eaa46c,SummerGarvais,2026-05-01,11:52:10,-07:00,2026-05-01T11:52:10-07:00,0,23
projects\projects.js,79,js,48eaa46c,SummerGarvais,2026-05-01,11:52:10,-07:00,2026-05-01T11:52:10-07:00,0,0
projects\projects.js,80,js,48eaa46c,SummerGarvais,2026-05-01,11:52:10,-07:00,2026-05-01T11:52:10-07:00,0,48
projects\projects.js,81,js,48eaa46c,SummerGarvais,2026-05-01,11:52:10,-07:00,2026-05-01T11:52:10-07:00,1,25
projects\projects.js,82,js,e4cda92d,SummerGarvais,2026-05-01,10:42:54,-07:00,2026-05-01T10:42:54-07:00,0,0
projects\projects.js,83,js,48eaa46c,SummerGarvais,2026-05-01,11:52:10,-07:00,2026-05-01T11:52:10-07:00,1,51
projects\projects.js,84,js,48eaa46c,SummerGarvais,2026-05-01,11:52:10,-07:00,2026-05-01T11:52:10-07:00,2,59
projects\projects.js,85,js,48eaa46c,SummerGarvais,2026-05-01,11:52:10,-07:00,2026-05-01T11:52:10-07:00,2,42
projects\projects.js,86,js,48eaa46c,SummerGarvais,2026-05-01,11:52:10,-07:00,2026-05-01T11:52:10-07:00,1,1
projects\projects.js,87,js,e4cda92d,SummerGarvais,2026-05-01,10:42:54,-07:00,2026-05-01T10:42:54-07:00,0,0
projects\projects.js,88,js,48eaa46c,SummerGarvais,2026-05-01,11:52:10,-07:00,2026-05-01T11:52:10-07:00,1,56
projects\projects.js,89,js,48eaa46c,SummerGarvais,2026-05-01,11:52:10,-07:00,2026-05-01T11:52:10-07:00,1,31
projects\projects.js,90,js,48eaa46c,SummerGarvais,2026-05-01,11:52:10,-07:00,2026-05-01T11:52:10-07:00,0,1
projects\index.html,1,html,4ec20df1,SummerGarvais,2026-04-03,15:47:03,-07:00,2026-04-03T15:47:03-07:00,0,13
projects\index.html,2,html,4ec20df1,SummerGarvais,2026-04-03,15:47:03,-07:00,2026-04-03T15:47:03-07:00,0,14
projects\index.html,3,html,4ec20df1,SummerGarvais,2026-04-03,15:47:03,-07:00,2026-04-03T15:47:03-07:00,0,4
projects\index.html,4,html,4ec20df1,SummerGarvais,2026-04-03,15:47:03,-07:00,2026-04-03T15:47:03-07:00,2,20
projects\index.html,5,html,4ec20df1,SummerGarvais,2026-04-03,15:47:03,-07:00,2026-04-03T15:47:03-07:00,2,68
projects\index.html,6,html,4ec20df1,SummerGarvais,2026-04-03,15:47:03,-07:00,2026-04-03T15:47:03-07:00,2,21
projects\index.html,7,html,1023aaa8,SummerGarvais,2026-04-21,09:03:00,-07:00,2026-04-21T09:03:00-07:00,2,41
projects\index.html,8,html,1023aaa8,SummerGarvais,2026-04-21,09:03:00,-07:00,2026-04-21T09:03:00-07:00,2,48
projects\index.html,9,html,f6dc0d19,SummerGarvais,2026-04-25,20:59:12,-07:00,2026-04-25T20:59:12-07:00,2,48
projects\index.html,10,html,f6dc0d19,SummerGarvais,2026-04-25,20:59:12,-07:00,2026-04-25T20:59:12-07:00,2,47
projects\index.html,11,html,4ec20df1,SummerGarvais,2026-04-03,15:47:03,-07:00,2026-04-03T15:47:03-07:00,0,5
projects\index.html,12,html,4ec20df1,SummerGarvais,2026-04-03,15:47:03,-07:00,2026-04-03T15:47:03-07:00,0,4
projects\index.html,13,html,044a313e,SummerGarvais,2026-04-25,21:27:16,-07:00,2026-04-25T21:27:16-07:00,4,40
projects\index.html,14,html,45230bf6,SummerGarvais,2026-05-01,11:10:53,-07:00,2026-05-01T11:10:53-07:00,4,23
projects\index.html,15,html,45230bf6,SummerGarvais,2026-05-01,11:10:53,-07:00,2026-05-01T11:10:53-07:00,6,58
projects\index.html,16,html,45230bf6,SummerGarvais,2026-05-01,11:10:53,-07:00,2026-05-01T11:10:53-07:00,6,22
projects\index.html,17,html,45230bf6,SummerGarvais,2026-05-01,11:10:53,-07:00,2026-05-01T11:10:53-07:00,4,4
projects\index.html,18,html,48eaa46c,SummerGarvais,2026-05-01,11:52:10,-07:00,2026-05-01T11:52:10-07:00,4,4
projects\index.html,19,html,48eaa46c,SummerGarvais,2026-05-01,11:52:10,-07:00,2026-05-01T11:52:10-07:00,6,15
projects\index.html,20,html,48eaa46c,SummerGarvais,2026-05-01,11:52:10,-07:00,2026-05-01T11:52:10-07:00,6,11
projects\index.html,21,html,48eaa46c,SummerGarvais,2026-05-01,11:52:10,-07:00,2026-05-01T11:52:10-07:00,6,26
projects\index.html,22,html,48eaa46c,SummerGarvais,2026-05-01,11:52:10,-07:00,2026-05-01T11:52:10-07:00,6,31
projects\index.html,23,html,48eaa46c,SummerGarvais,2026-05-01,11:52:10,-07:00,2026-05-01T11:52:10-07:00,4,0
projects\index.html,24,html,e4cda92d,SummerGarvais,2026-05-01,10:42:54,-07:00,2026-05-01T10:42:54-07:00,4,26
projects\index.html,25,html,4ec20df1,SummerGarvais,2026-04-03,15:47:03,-07:00,2026-04-03T15:47:03-07:00,0,5
projects\index.html,26,html,4ec20df1,SummerGarvais,2026-04-03,15:47:03,-07:00,2026-04-03T15:47:03-07:00,0,5
profile\index.html,1,html,4ec20df1,SummerGarvais,2026-04-03,15:47:03,-07:00,2026-04-03T15:47:03-07:00,0,13
profile\index.html,2,html,4ec20df1,SummerGarvais,2026-04-03,15:47:03,-07:00,2026-04-03T15:47:03-07:00,0,14
profile\index.html,3,html,4ec20df1,SummerGarvais,2026-04-03,15:47:03,-07:00,2026-04-03T15:47:03-07:00,0,4
profile\index.html,4,html,4ec20df1,SummerGarvais,2026-04-03,15:47:03,-07:00,2026-04-03T15:47:03-07:00,2,20
profile\index.html,5,html,4ec20df1,SummerGarvais,2026-04-03,15:47:03,-07:00,2026-04-03T15:47:03-07:00,2,68
profile\index.html,6,html,4ec20df1,SummerGarvais,2026-04-03,15:47:03,-07:00,2026-04-03T15:47:03-07:00,2,32
profile\index.html,7,html,1023aaa8,SummerGarvais,2026-04-21,09:03:00,-07:00,2026-04-21T09:03:00-07:00,2,41
profile\index.html,8,html,1023aaa8,SummerGarvais,2026-04-21,09:03:00,-07:00,2026-04-21T09:03:00-07:00,2,48
profile\index.html,9,html,4ec20df1,SummerGarvais,2026-04-03,15:47:03,-07:00,2026-04-03T15:47:03-07:00,0,5
profile\index.html,10,html,4ec20df1,SummerGarvais,2026-04-03,15:47:03,-07:00,2026-04-03T15:47:03-07:00,0,4
profile\index.html,11,html,60cdbff7,Summer Garvais,2026-04-03,15:34:51,-07:00,2026-04-03T15:34:51-07:00,0,0
profile\index.html,12,html,4ec20df1,SummerGarvais,2026-04-03,15:47:03,-07:00,2026-04-03T15:47:03-07:00,2,21
profile\index.html,13,html,4ec20df1,SummerGarvais,2026-04-03,15:47:03,-07:00,2026-04-03T15:47:03-07:00,2,84
profile\index.html,14,html,4ec20df1,SummerGarvais,2026-04-03,15:47:03,-07:00,2026-04-03T15:47:03-07:00,0,0
profile\index.html,15,html,4ec20df1,SummerGarvais,2026-04-03,15:47:03,-07:00,2026-04-03T15:47:03-07:00,2,83
profile\index.html,16,html,4ec20df1,SummerGarvais,2026-04-03,15:47:03,-07:00,2026-04-03T15:47:03-07:00,2,85
profile\index.html,17,html,4ec20df1,SummerGarvais,2026-04-03,15:47:03,-07:00,2026-04-03T15:47:03-07:00,2,74
profile\index.html,18,html,4ec20df1,SummerGarvais,2026-04-03,15:47:03,-07:00,2026-04-03T15:47:03-07:00,2,79
profile\index.html,19,html,4ec20df1,SummerGarvais,2026-04-03,15:47:03,-07:00,2026-04-03T15:47:03-07:00,2,15
profile\index.html,20,html,4ec20df1,SummerGarvais,2026-04-03,15:47:03,-07:00,2026-04-03T15:47:03-07:00,0,0
profile\index.html,21,html,4ec20df1,SummerGarvais,2026-04-03,15:47:03,-07:00,2026-04-03T15:47:03-07:00,2,7
profile\index.html,22,html,4ec20df1,SummerGarvais,2026-04-03,15:47:03,-07:00,2026-04-03T15:47:03-07:00,4,30
profile\index.html,23,html,4ec20df1,SummerGarvais,2026-04-03,15:47:03,-07:00,2026-04-03T15:47:03-07:00,0,0
profile\index.html,24,html,4ec20df1,SummerGarvais,2026-04-03,15:47:03,-07:00,2026-04-03T15:47:03-07:00,4,7
profile\index.html,25,html,4ec20df1,SummerGarvais,2026-04-03,15:47:03,-07:00,2026-04-03T15:47:03-07:00,6,6
profile\index.html,26,html,4ec20df1,SummerGarvais,2026-04-03,15:47:03,-07:00,2026-04-03T15:47:03-07:00,8,14
profile\index.html,27,html,4ec20df1,SummerGarvais,2026-04-03,15:47:03,-07:00,2026-04-03T15:47:03-07:00,8,22
profile\index.html,28,html,4ec20df1,SummerGarvais,2026-04-03,15:47:03,-07:00,2026-04-03T15:47:03-07:00,8,88
profile\index.html,29,html,4ec20df1,SummerGarvais,2026-04-03,15:47:03,-07:00,2026-04-03T15:47:03-07:00,6,7
profile\index.html,30,html,4ec20df1,SummerGarvais,2026-04-03,15:47:03,-07:00,2026-04-03T15:47:03-07:00,6,81
profile\index.html,31,html,4ec20df1,SummerGarvais,2026-04-03,15:47:03,-07:00,2026-04-03T15:47:03-07:00,6,81
profile\index.html,32,html,4ec20df1,SummerGarvais,2026-04-03,15:47:03,-07:00,2026-04-03T15:47:03-07:00,6,82
profile\index.html,33,html,4ec20df1,SummerGarvais,2026-04-03,15:47:03,-07:00,2026-04-03T15:47:03-07:00,6,91
profile\index.html,34,html,4ec20df1,SummerGarvais,2026-04-03,15:47:03,-07:00,2026-04-03T15:47:03-07:00,4,8
profile\index.html,35,html,4ec20df1,SummerGarvais,2026-04-03,15:47:03,-07:00,2026-04-03T15:47:03-07:00,0,0
profile\index.html,36,html,4ec20df1,SummerGarvais,2026-04-03,15:47:03,-07:00,2026-04-03T15:47:03-07:00,4,7
profile\index.html,37,html,4ec20df1,SummerGarvais,2026-04-03,15:47:03,-07:00,2026-04-03T15:47:03-07:00,6,6
profile\index.html,38,html,4ec20df1,SummerGarvais,2026-04-03,15:47:03,-07:00,2026-04-03T15:47:03-07:00,8,35
profile\index.html,39,html,4ec20df1,SummerGarvais,2026-04-03,15:47:03,-07:00,2026-04-03T15:47:03-07:00,8,18
profile\index.html,40,html,4ec20df1,SummerGarvais,2026-04-03,15:47:03,-07:00,2026-04-03T15:47:03-07:00,8,90
profile\index.html,41,html,4ec20df1,SummerGarvais,2026-04-03,15:47:03,-07:00,2026-04-03T15:47:03-07:00,6,7
profile\index.html,42,html,4ec20df1,SummerGarvais,2026-04-03,15:47:03,-07:00,2026-04-03T15:47:03-07:00,6,78
profile\index.html,43,html,4ec20df1,SummerGarvais,2026-04-03,15:47:03,-07:00,2026-04-03T15:47:03-07:00,6,81
profile\index.html,44,html,4ec20df1,SummerGarvais,2026-04-03,15:47:03,-07:00,2026-04-03T15:47:03-07:00,6,82
profile\index.html,45,html,4ec20df1,SummerGarvais,2026-04-03,15:47:03,-07:00,2026-04-03T15:47:03-07:00,6,81
profile\index.html,46,html,4ec20df1,SummerGarvais,2026-04-03,15:47:03,-07:00,2026-04-03T15:47:03-07:00,6,53
profile\index.html,47,html,4ec20df1,SummerGarvais,2026-04-03,15:47:03,-07:00,2026-04-03T15:47:03-07:00,4,8
profile\index.html,48,html,4ec20df1,SummerGarvais,2026-04-03,15:47:03,-07:00,2026-04-03T15:47:03-07:00,0,0
profile\index.html,49,html,4ec20df1,SummerGarvais,2026-04-03,15:47:03,-07:00,2026-04-03T15:47:03-07:00,4,7
profile\index.html,50,html,4ec20df1,SummerGarvais,2026-04-03,15:47:03,-07:00,2026-04-03T15:47:03-07:00,6,6
profile\index.html,51,html,4ec20df1,SummerGarvais,2026-04-03,15:47:03,-07:00,2026-04-03T15:47:03-07:00,8,28
profile\index.html,52,html,4ec20df1,SummerGarvais,2026-04-03,15:47:03,-07:00,2026-04-03T15:47:03-07:00,8,19
profile\index.html,53,html,4ec20df1,SummerGarvais,2026-04-03,15:47:03,-07:00,2026-04-03T15:47:03-07:00,8,90
profile\index.html,54,html,4ec20df1,SummerGarvais,2026-04-03,15:47:03,-07:00,2026-04-03T15:47:03-07:00,6,7
profile\index.html,55,html,4ec20df1,SummerGarvais,2026-04-03,15:47:03,-07:00,2026-04-03T15:47:03-07:00,6,85
profile\index.html,56,html,4ec20df1,SummerGarvais,2026-04-03,15:47:03,-07:00,2026-04-03T15:47:03-07:00,6,82
profile\index.html,57,html,4ec20df1,SummerGarvais,2026-04-03,15:47:03,-07:00,2026-04-03T15:47:03-07:00,6,84
profile\index.html,58,html,4ec20df1,SummerGarvais,2026-04-03,15:47:03,-07:00,2026-04-03T15:47:03-07:00,6,85
profile\index.html,59,html,4ec20df1,SummerGarvais,2026-04-03,15:47:03,-07:00,2026-04-03T15:47:03-07:00,6,83
profile\index.html,60,html,4ec20df1,SummerGarvais,2026-04-03,15:47:03,-07:00,2026-04-03T15:47:03-07:00,6,71
profile\index.html,61,html,4ec20df1,SummerGarvais,2026-04-03,15:47:03,-07:00,2026-04-03T15:47:03-07:00,4,8
profile\index.html,62,html,4ec20df1,SummerGarvais,2026-04-03,15:47:03,-07:00,2026-04-03T15:47:03-07:00,2,8
profile\index.html,63,html,4ec20df1,SummerGarvais,2026-04-03,15:47:03,-07:00,2026-04-03T15:47:03-07:00,0,0
profile\index.html,64,html,4ec20df1,SummerGarvais,2026-04-03,15:47:03,-07:00,2026-04-03T15:47:03-07:00,2,7
profile\index.html,65,html,4ec20df1,SummerGarvais,2026-04-03,15:47:03,-07:00,2026-04-03T15:47:03-07:00,4,27
profile\index.html,66,html,4ec20df1,SummerGarvais,2026-04-03,15:47:03,-07:00,2026-04-03T15:47:03-07:00,4,84
profile\index.html,67,html,4ec20df1,SummerGarvais,2026-04-03,15:47:03,-07:00,2026-04-03T15:47:03-07:00,4,82
profile\index.html,68,html,4ec20df1,SummerGarvais,2026-04-03,15:47:03,-07:00,2026-04-03T15:47:03-07:00,4,27
profile\index.html,69,html,4ec20df1,SummerGarvais,2026-04-03,15:47:03,-07:00,2026-04-03T15:47:03-07:00,4,65
profile\index.html,70,html,4ec20df1,SummerGarvais,2026-04-03,15:47:03,-07:00,2026-04-03T15:47:03-07:00,6,89
profile\index.html,71,html,4ec20df1,SummerGarvais,2026-04-03,15:47:03,-07:00,2026-04-03T15:47:03-07:00,8,29
profile\index.html,72,html,4ec20df1,SummerGarvais,2026-04-03,15:47:03,-07:00,2026-04-03T15:47:03-07:00,6,2
profile\index.html,73,html,4ec20df1,SummerGarvais,2026-04-03,15:47:03,-07:00,2026-04-03T15:47:03-07:00,4,2
profile\index.html,74,html,4ec20df1,SummerGarvais,2026-04-03,15:47:03,-07:00,2026-04-03T15:47:03-07:00,2,8
profile\index.html,75,html,4ec20df1,SummerGarvais,2026-04-03,15:47:03,-07:00,2026-04-03T15:47:03-07:00,0,0
profile\index.html,76,html,4ec20df1,SummerGarvais,2026-04-03,15:47:03,-07:00,2026-04-03T15:47:03-07:00,2,7
profile\index.html,77,html,4ec20df1,SummerGarvais,2026-04-03,15:47:03,-07:00,2026-04-03T15:47:03-07:00,4,24
profile\index.html,78,html,4ec20df1,SummerGarvais,2026-04-03,15:47:03,-07:00,2026-04-03T15:47:03-07:00,4,2
profile\index.html,79,html,4ec20df1,SummerGarvais,2026-04-03,15:47:03,-07:00,2026-04-03T15:47:03-07:00,6,107
profile\index.html,80,html,4ec20df1,SummerGarvais,2026-04-03,15:47:03,-07:00,2026-04-03T15:47:03-07:00,6,55
profile\index.html,81,html,4ec20df1,SummerGarvais,2026-04-03,15:47:03,-07:00,2026-04-03T15:47:03-07:00,6,66
profile\index.html,82,html,4ec20df1,SummerGarvais,2026-04-03,15:47:03,-07:00,2026-04-03T15:47:03-07:00,4,3
profile\index.html,83,html,4ec20df1,SummerGarvais,2026-04-03,15:47:03,-07:00,2026-04-03T15:47:03-07:00,2,8
profile\index.html,84,html,4ec20df1,SummerGarvais,2026-04-03,15:47:03,-07:00,2026-04-03T15:47:03-07:00,0,0
profile\index.html,85,html,4ec20df1,SummerGarvais,2026-04-03,15:47:03,-07:00,2026-04-03T15:47:03-07:00,0,5
profile\index.html,86,html,233f66b0,Summer Garvais,2026-04-10,15:43:10,-07:00,2026-04-10T15:43:10-07:00,0,5
meta\index.html,1,html,fd9234c7,SummerGarvais,2026-05-09,09:59:11,-07:00,2026-05-09T09:59:11-07:00,0,13
meta\index.html,2,html,fd9234c7,SummerGarvais,2026-05-09,09:59:11,-07:00,2026-05-09T09:59:11-07:00,0,14
meta\index.html,3,html,fd9234c7,SummerGarvais,2026-05-09,09:59:11,-07:00,2026-05-09T09:59:11-07:00,0,4
meta\index.html,4,html,fd9234c7,SummerGarvais,2026-05-09,09:59:11,-07:00,2026-05-09T09:59:11-07:00,2,20
meta\index.html,5,html,fd9234c7,SummerGarvais,2026-05-09,09:59:11,-07:00,2026-05-09T09:59:11-07:00,2,68
meta\index.html,6,html,fd9234c7,SummerGarvais,2026-05-09,09:59:11,-07:00,2026-05-09T09:59:11-07:00,2,17
meta\index.html,7,html,00000000,Not Committed Yet,2026-05-09,10:14:59,-07:00,2026-05-09T10:14:59-07:00,2,41
meta\index.html,8,html,00000000,Not Committed Yet,2026-05-09,10:14:59,-07:00,2026-05-09T10:14:59-07:00,2,48
meta\index.html,9,html,fd9234c7,SummerGarvais,2026-05-09,09:59:11,-07:00,2026-05-09T09:59:11-07:00,0,5
meta\index.html,10,html,fd9234c7,SummerGarvais,2026-05-09,09:59:11,-07:00,2026-05-09T09:59:11-07:00,0,4
meta\index.html,11,html,fd9234c7,SummerGarvais,2026-05-09,09:59:11,-07:00,2026-05-09T09:59:11-07:00,2,11
meta\index.html,12,html,fd9234c7,SummerGarvais,2026-05-09,09:59:11,-07:00,2026-05-09T09:59:11-07:00,2,68
meta\index.html,13,html,fd9234c7,SummerGarvais,2026-05-09,09:59:11,-07:00,2026-05-09T09:59:11-07:00,2,0
meta\index.html,14,html,fd9234c7,SummerGarvais,2026-05-09,09:59:11,-07:00,2026-05-09T09:59:11-07:00,0,5
meta\index.html,15,html,fd9234c7,SummerGarvais,2026-05-09,09:59:11,-07:00,2026-05-09T09:59:11-07:00,0,5
contact\index.html,1,html,4ec20df1,SummerGarvais,2026-04-03,15:47:03,-07:00,2026-04-03T15:47:03-07:00,0,13
contact\index.html,2,html,4ec20df1,SummerGarvais,2026-04-03,15:47:03,-07:00,2026-04-03T15:47:03-07:00,0,14
contact\index.html,3,html,4ec20df1,SummerGarvais,2026-04-03,15:47:03,-07:00,2026-04-03T15:47:03-07:00,0,4
contact\index.html,4,html,4ec20df1,SummerGarvais,2026-04-03,15:47:03,-07:00,2026-04-03T15:47:03-07:00,2,20
contact\index.html,5,html,4ec20df1,SummerGarvais,2026-04-03,15:47:03,-07:00,2026-04-03T15:47:03-07:00,2,68
contact\index.html,6,html,2c7083d7,SummerGarvais,2026-04-10,11:30:57,-07:00,2026-04-10T11:30:57-07:00,2,37
contact\index.html,7,html,1023aaa8,SummerGarvais,2026-04-21,09:03:00,-07:00,2026-04-21T09:03:00-07:00,2,41
contact\index.html,8,html,1023aaa8,SummerGarvais,2026-04-21,09:03:00,-07:00,2026-04-21T09:03:00-07:00,2,48
contact\index.html,9,html,4ec20df1,SummerGarvais,2026-04-03,15:47:03,-07:00,2026-04-03T15:47:03-07:00,0,5
contact\index.html,10,html,4ec20df1,SummerGarvais,2026-04-03,15:47:03,-07:00,2026-04-03T15:47:03-07:00,0,4
contact\index.html,11,html,de91c804,SummerGarvais,2026-04-10,10:11:59,-07:00,2026-04-10T10:11:59-07:00,2,14
contact\index.html,12,html,2c7083d7,SummerGarvais,2026-04-10,11:30:57,-07:00,2026-04-10T11:30:57-07:00,2,73
contact\index.html,13,html,2c7083d7,SummerGarvais,2026-04-10,11:30:57,-07:00,2026-04-10T11:30:57-07:00,4,5
contact\index.html,14,html,2c7083d7,SummerGarvais,2026-04-10,11:30:57,-07:00,2026-04-10T11:30:57-07:00,6,3
contact\index.html,15,html,2c7083d7,SummerGarvais,2026-04-10,11:30:57,-07:00,2026-04-10T11:30:57-07:00,6,31
contact\index.html,16,html,2c7083d7,SummerGarvais,2026-04-10,11:30:57,-07:00,2026-04-10T11:30:57-07:00,4,6
contact\index.html,17,html,2c7083d7,SummerGarvais,2026-04-10,11:30:57,-07:00,2026-04-10T11:30:57-07:00,4,5
contact\index.html,18,html,2c7083d7,SummerGarvais,2026-04-10,11:30:57,-07:00,2026-04-10T11:30:57-07:00,6,5
contact\index.html,19,html,2c7083d7,SummerGarvais,2026-04-10,11:30:57,-07:00,2026-04-10T11:30:57-07:00,6,20
contact\index.html,20,html,2c7083d7,SummerGarvais,2026-04-10,11:30:57,-07:00,2026-04-10T11:30:57-07:00,4,6
contact\index.html,21,html,2c7083d7,SummerGarvais,2026-04-10,11:30:57,-07:00,2026-04-10T11:30:57-07:00,4,5
contact\index.html,22,html,2c7083d7,SummerGarvais,2026-04-10,11:30:57,-07:00,2026-04-10T11:30:57-07:00,6,5
contact\index.html,23,html,2c7083d7,SummerGarvais,2026-04-10,11:30:57,-07:00,2026-04-10T11:30:57-07:00,6,40
contact\index.html,24,html,2c7083d7,SummerGarvais,2026-04-10,11:30:57,-07:00,2026-04-10T11:30:57-07:00,4,6
contact\index.html,25,html,2c7083d7,SummerGarvais,2026-04-10,11:30:57,-07:00,2026-04-10T11:30:57-07:00,4,21
contact\index.html,26,html,2c7083d7,SummerGarvais,2026-04-10,11:30:57,-07:00,2026-04-10T11:30:57-07:00,2,5
contact\index.html,27,html,4ec20df1,SummerGarvais,2026-04-03,15:47:03,-07:00,2026-04-03T15:47:03-07:00,0,5
contact\index.html,28,html,4ec20df1,SummerGarvais,2026-04-03,15:47:03,-07:00,2026-04-03T15:47:03-07:00,0,5
